[
  {"src":"0","title":"Anymoe"},
  {"src":"1","title":"Umaru-chan"},
  {"src":"2","title":"Luffy"},
  {"src":"3","title":"Gintoki"},
  {"src":"4","title":"Onizuka"},
  {"src":"5","title":"Gojo Satoru"},
  {"src":"6","title":"Asa Mitaka"}
  ,
  {"src":"zoro","title":"Zoro"},
  {"src":"chainsaw","title":"Chainsaw"},
  {"src":"pochita","title":"Pochita"},
  {"src":"reze","title":"Reze"},
  {"src":"sukuna","title":"Sukuna"}
  ,
  {"src":"gotouhitori","title":"Gotou Hitori"},
  {"src":"saber","title":"Saber"},
  {"src":"gear5","title":"Luffy Gear 5"},
  {"src":"nobara","title":"Nobara"},
  {"src":"power","title":"Power"},
  {"src":"ryo","title":"Ryo"}
  ,
  {"src":"igris","title":"Igris"},
  {"src":"sungjinwoo","title":"Sung Jinwoo"}
  ,
  {"src":"chopper","title":"Chopper"},
  {"src":"faputa","title":"Faputa"},
  {"src":"pain","title":"Pain"}
  ,
  {"src":"7-quanxi","title":"Quanxi"},
  {"src":"8-spike","title":"Spike"},
  {"src":"9-vash","title":"Vash"}
  ,
  {"src":"10-tanjiro","title":"Tanjiro"},
  {"src":"11-nezuko","title":"Nezuko"},
  {"src":"12-rimuru","title":"Rimuru"},
  {"src":"13-sanji","title":"Sanji"},
  {"src":"14-nami","title":"Nami"},
  {"src":"15-nicorobin","title":"Nico Robin"},
  {"src":"16-naruto","title":"Naruto"},
  {"src":"17-kakashi","title":"Kakashi"},
  {"src":"18-hollowichigo","title":"Hollow Ichigo"},
  {"src":"19-byakuya","title":"Byakuya"}
]