[
  {"src":"1.webp","title":"Gate"},
  {"src":"2.jpg","title":"Waifu 1"},
  {"src":"3.jpg","title":"Sunny Go"},
  {"src":"4.jpg","title":"Waifu 2"},
  {"src":"5.webp","title":"Your Name"},
  {"src":"6.jpg","title":"Fuji"},
  {"src":"7.jpg","title":"Your Name 2"},
  {"src":"8.webp","title":"Hill Bench"},
  {"src":"9.webp","title":"Gojo Satoru"},
  {"src":"10.jpg","title":"Spike Spiegel"}
  ,
  {"src":"11.jpg","title":"Land of the lustrous"},
  {"src":"12.jpg","title":"Naruto and Minato"},
  {"src":"13.jpg","title":"Makima"}
  ,
  {"src":"14.jpg","title":"Eren"},
  {"src":"15.jpg","title":"Gojo Satoru 2"},
  {"src":"16.jpg","title":"Ken"},
  {"src":"17.jpg","title":"L"},
  {"src":"18.jpg","title":"Miyamoto"},
  {"src":"19.jpg","title":"Tanjiro"}
  ,
  {"src":"20.jpg","title":"Dante"},
  {"src":"21.jpg","title":"Guts"},
  {"src":"22.jpg","title":"Mikasa"},
  {"src":"23.jpg","title":"Spike Spiegel 2"},
  {"src":"24.jpg","title":"Sukuna"}
  ,
  {"src":"25.jpg","title":"Ash Ketchum"},
  {"src":"26.jpg","title":"Goku"},
  {"src":"27.jpg","title":"Gon"},
  {"src":"28.jpg","title":"Killua"},
  {"src":"29.jpg","title":"Levi Ackerman"}
  ,
  {"src":"30.jpg","title":"Luffy"},
  {"src":"31.jpg","title":"Motoko Kusanagi"},
  {"src":"32.jpg","title":"Saitama"},
  {"src":"33.jpg","title":"Zoro"}
  ,
  {"src":"34.jpg","title":"Ace"},
  {"src":"35.jpg","title":"Gojo and Geto"},
  {"src":"36.jpg","title":"Nami"}
  ,
  {"src":"37.jpg","title":"Kirito"},
  {"src":"38.jpg","title":"Revy"},
  {"src":"39.jpg","title":"Akame"},
  {"src":"40.jpg","title":"Shigeo"},
  {"src":"41.jpg","title":"Future trunks"}
]